{
  "addMaps": [
    {
      "name": "TownFernValley",
      "file": "assets/TownFernValley.tmx",
    },
	{
      "name": "IweHouse",
      "file": "assets/IweHouse.tmx",
    },
	{
      "name": "MorguinHouse",
      "file": "assets/MorguinHouse.tmx",
    },
	{
      "name": "GandayahHouse",
      "file": "assets/GandayahHouse.tmx",
    },
	{
      "name": "KekoaHouse",
      "file": "assets/KekoaHouse.tmx",
    },
	{
      "name": "NasrinHouse",
      "file": "assets/NasrinHouse.tmx",
    },
	{
      "name": "PatryHouse",
      "file": "assets/PatryHouse.tmx",
    },
	{
      "name": "SabelaHouse",
      "file": "assets/SabelaHouse.tmx",
    },
	{
      "name": "LabyrinthFernValley",
      "file": "assets/SabelaHouse.tmx",
    },
	{
      "name": "StoryHouse",
      "file": "assets/StoryHouse.tmx",
    },
	{
      "name": "YumbaHouse",
      "file": "assets/YumbaHouse.tmx",
    },
    {
      "name": "WaterFernValley",
      "file": "assets/WaterFernValley.tmx",
    },
	{
      "name": "CaveFernValley",
      "file": "assets/CaveFernValley.tmx",
    },
	{
      "name": "KinnaraHouse",
      "file": "assets/KinnaraHouse.tmx",
    },
	{
      "name": "GeneralStore",
      "file": "assets/GeneralStore.tmx",
    },
  ],
  "mergeMaps":
  [  
    {
      "name": "Forest",
  "file": "assets/ForestConnect.tmx", 
  "sourceArea": [0,0,4,10],
  "position": [0,30],
  "addWarps":
      [
	  "0 36 TownFernValley 148 48",
	  "0 37 TownFernValley 148 49"
	  ]
}
]
}