{
  "ForageSpawnEnabled": true,
  "LargeObjectSpawnEnabled": false,
  "OreSpawnEnabled": false,
  "MonsterSpawnEnabled": false,
  "Forage_Spawn_Settings": {
    "Areas": [
      {
        "SpringItemIndex": null,
        "SummerItemIndex": null,
        "FallItemIndex": null,
        "WinterItemIndex": null,
        "UniqueAreaID": "TownFV",
        "MapName": "TownFernValley",
        "MinimumSpawnsPerDay": 3,
        "MaximumSpawnsPerDay": 8,
        "IncludeTerrainTypes": [
          "Diggable",
          "Dirt",
          "Grass",
          "Quarry",
          "Stone"
        ],
        "ExcludeTerrainTypes": [
          "Custom"
        ],
        "IncludeCoordinates": [],
        "ExcludeCoordinates": [],
        "StrictTileChecking": "Maximum",
        "SpawnTiming": {
          "StartTime": 600,
          "EndTime": 600,
          "MinimumTimeBetweenSpawns": 10,
          "MaximumSimultaneousSpawns": null,
          "OnlySpawnIfAPlayerIsPresent": false,
          "SpawnSound": ""
        },
        "ExtraConditions": {
          "Years": [],
          "Seasons": [],
          "Days": [],
          "WeatherYesterday": [],
          "WeatherToday": [],
          "WeatherTomorrow": [],
          "EPUPreconditions": [],
          "LimitedNumberOfSpawns": null
        },
        "DaysUntilSpawnsExpire": null
      }
    ],
    "PercentExtraSpawnsPerForagingLevel": 0,
    "SpringItemIndex": [
      16,
      20,
      22,
      257
    ],
    "SummerItemIndex": [
      396,
      398,
      402,
      404
    ],
    "FallItemIndex": [
      281,
      404,
      420,
      422
    ],
    "WinterItemIndex": [],
    "CustomTileIndex": []
  },
  "Large_Object_Spawn_Settings": {
    "Areas": [],
    "CustomTileIndex": []
  },
  "Ore_Spawn_Settings": {
    "Areas": [],
    "PercentExtraSpawnsPerMiningLevel": 0,
    "MiningLevelRequired": {
      "Stone": 0,
      "Geode": 0,
      "FrozenGeode": 5,
      "MagmaGeode": 8,
      "Gem": 6,
      "Copper": 0,
      "Iron": 4,
      "Gold": 7,
      "Iridium": 9,
      "Mystic": 10,
      "Radioactive": 10,
      "Diamond": 6,
      "Ruby": 6,
      "Jade": 6,
      "Amethyst": 6,
      "Topaz": 6,
      "Emerald": 6,
      "Aquamarine": 6
    },
    "StartingSpawnChance": {
      "Stone": 66,
      "Geode": 8,
      "FrozenGeode": 4,
      "MagmaGeode": 2,
      "Gem": 5,
      "Copper": 21,
      "Iron": 15,
      "Gold": 10,
      "Iridium": 1,
      "Mystic": 1,
      "Radioactive": 0,
      "Diamond": 0,
      "Ruby": 0,
      "Jade": 0,
      "Amethyst": 0,
      "Topaz": 0,
      "Emerald": 0,
      "Aquamarine": 0
    },
    "LevelTenSpawnChance": {
      "Stone": 48,
      "Geode": 2,
      "FrozenGeode": 2,
      "MagmaGeode": 2,
      "Gem": 5,
      "Copper": 16,
      "Iron": 13,
      "Gold": 10,
      "Iridium": 1,
      "Mystic": 1,
      "Radioactive": 0,
      "Diamond": 0,
      "Ruby": 0,
      "Jade": 0,
      "Amethyst": 0,
      "Topaz": 0,
      "Emerald": 0,
      "Aquamarine": 0
    },
    "CustomTileIndex": []
  },
  "Monster_Spawn_Settings": {
    "Areas": [],
    "CustomTileIndex": []
  },
  "QuarryTileIndex": [
    556,
    558,
    583,
    606,
    607,
    608,
    630,
    635,
    636,
    680,
    681,
    685
  ],
  "File_Conditions": {
    "FarmTypes": [],
    "FarmerNames": [],
    "SaveFileNames": [],
    "OtherMods": {}
  }
}